-45,-34
-44.994,-33.834
-44.989,-33.667
-44.983,-33.501
-44.977,-33.334
-44.972,-33.168
-44.966,-33.002
-44.96,-32.835
-44.955,-32.669
-44.949,-32.502
-44.943,-32.336
-44.937,-32.17
-44.932,-32.003
-44.926,-31.837
-44.92,-31.67
-44.914,-31.504
-44.909,-31.338
-44.903,-31.171
-44.897,-31.005
-44.891,-30.838
-44.885,-30.672
-44.879,-30.506
-44.874,-30.339
-44.868,-30.173
-44.862,-30.006
-44.856,-29.84
-44.85,-29.674
-44.844,-29.507
-44.838,-29.341
-44.832,-29.175
-44.826,-29.008
-44.82,-28.842
-44.814,-28.675
-44.808,-28.509
-44.802,-28.343
-44.796,-28.176
-44.79,-28.01
-44.784,-27.843
-44.778,-27.677
-44.772,-27.511
-44.766,-27.344
-44.76,-27.178
-44.754,-27.012
-44.747,-26.845
-44.741,-26.679
-44.735,-26.512
-44.729,-26.346
-44.723,-26.18
-44.717,-26.013
-44.71,-25.847
-44.704,-25.68
-44.698,-25.514
-44.692,-25.348
-44.685,-25.181
-44.679,-25.015
-44.673,-24.849
-44.667,-24.682
-44.66,-24.516
-44.654,-24.349
-44.648,-24.183
-44.641,-24.017
-44.635,-23.85
-44.628,-23.684
-44.622,-23.518
-44.616,-23.351
-44.609,-23.185
-44.603,-23.019
-44.596,-22.852
-44.59,-22.686
-44.583,-22.519
-44.577,-22.353
-44.57,-22.187
-44.564,-22.02
-44.557,-21.854
-44.55,-21.688
-44.544,-21.521
-44.537,-21.355
-44.531,-21.189
-44.524,-21.022
-44.517,-20.856
-44.511,-20.689
-44.504,-20.523
-44.497,-20.357
-44.49,-20.19
-44.484,-20.024
-44.477,-19.858
-44.47,-19.691
-44.463,-19.525
-44.457,-19.359
-44.45,-19.192
-44.443,-19.026
-44.436,-18.86
-44.429,-18.693
-44.422,-18.527
-44.415,-18.36
-44.408,-18.194
-44.402,-18.028
-44.395,-17.861
-44.388,-17.695
-44.381,-17.529
-44.374,-17.362
-44.366,-17.196
-44.359,-17.03
-44.352,-16.863
-44.345,-16.697
-44.338,-16.531
-44.331,-16.364
-44.324,-16.198
-44.317,-16.032
-44.309,-15.865
-44.302,-15.699
-44.295,-15.533
-44.288,-15.366
-44.281,-15.2
-44.273,-15.034
-44.266,-14.867
-44.259,-14.701
-44.251,-14.535
-44.244,-14.368
-44.236,-14.202
-44.229,-14.036
-44.222,-13.869
-44.214,-13.703
-44.207,-13.537
-44.199,-13.37
-44.192,-13.204
-44.184,-13.038
-44.177,-12.871
-44.169,-12.705
-44.161,-12.539
-44.154,-12.372
-44.146,-12.206
-44.138,-12.04
-44.131,-11.874
-44.123,-11.707
-44.115,-11.541
-44.107,-11.375
-44.1,-11.208
-44.092,-11.042
-44.084,-10.876
-44.076,-10.709
-44.068,-10.543
-44.06,-10.377
-44.052,-10.21
-44.044,-10.044
-44.036,-9.8778
-44.028,-9.7115
-44.02,-9.5452
-44.012,-9.379
-44.004,-9.2127
-43.996,-9.0464
-43.988,-8.8801
-43.98,-8.7138
-43.972,-8.5475
-43.963,-8.3812
-43.955,-8.2149
-43.947,-8.0486
-43.939,-7.8824
-43.93,-7.7161
-43.922,-7.5498
-43.913,-7.3835
-43.905,-7.2172
-43.897,-7.051
-43.888,-6.8847
-43.88,-6.7184
-43.871,-6.5522
-43.862,-6.3859
-43.854,-6.2196
-43.845,-6.0534
-43.837,-5.8871
-43.828,-5.7208
-43.819,-5.5546
-43.81,-5.3883
-43.802,-5.2221
-43.793,-5.0558
-43.784,-4.8895
-43.775,-4.7233
-43.766,-4.557
-43.757,-4.3908
-43.748,-4.2246
-43.739,-4.0583
-43.73,-3.8921
-43.721,-3.7258
-43.712,-3.5596
-43.703,-3.3934
-43.694,-3.2271
-43.684,-3.0609
-43.675,-2.8947
-43.666,-2.7284
-43.657,-2.5622
-43.647,-2.396
-43.638,-2.2298
-43.628,-2.0635
-43.619,-1.8973
-43.609,-1.7311
-43.6,-1.5649
-43.59,-1.3987
-43.581,-1.2325
-43.571,-1.0663
-43.561,-0.90007
-43.551,-0.73387
-43.542,-0.56768
-43.532,-0.40148
-43.522,-0.23529
-43.512,-0.0691
-43.502,0.097087
-43.492,0.26327
-43.482,0.42945
-43.472,0.59563
-43.462,0.76181
-43.451,0.92798
-43.441,1.0941
-43.431,1.2603
-43.421,1.4265
-43.41,1.5926
-43.4,1.7588
-43.389,1.9249
-43.379,2.0911
-43.368,2.2572
-43.358,2.4234
-43.347,2.5895
-43.336,2.7557
-43.325,2.9218
-43.315,3.0879
-43.304,3.2541
-43.293,3.4202
-43.282,3.5863
-43.271,3.7524
-43.26,3.9185
-43.248,4.0846
-43.237,4.2507
-43.226,4.4168
-43.214,4.5829
-43.203,4.749
-43.192,4.9151
-43.18,5.0812
-43.168,5.2473
-43.157,5.4133
-43.145,5.5794
-43.133,5.7455
-43.121,5.9115
-43.11,6.0776
-43.098,6.2436
-43.085,6.4097
-43.073,6.5757
-43.061,6.7417
-43.049,6.9078
-43.037,7.0738
-43.024,7.2398
-43.012,7.4058
-42.999,7.5718
-42.986,7.7378
-42.974,7.9038
-42.961,8.0698
-42.948,8.2358
-42.935,8.4017
-42.922,8.5677
-42.909,8.7336
-42.896,8.8996
-42.882,9.0655
-42.869,9.2315
-42.855,9.3974
-42.842,9.5633
-42.828,9.7292
-42.814,9.8951
-42.8,10.061
-42.786,10.227
-42.772,10.393
-42.758,10.559
-42.744,10.725
-42.729,10.89
-42.715,11.056
-42.7,11.222
-42.685,11.388
-42.671,11.554
-42.656,11.719
-42.64,11.885
-42.625,12.051
-42.61,12.217
-42.594,12.383
-42.579,12.548
-42.563,12.714
-42.547,12.88
-42.531,13.045
-42.515,13.211
-42.499,13.377
-42.482,13.542
-42.465,13.708
-42.449,13.874
-42.432,14.039
-42.415,14.205
-42.397,14.37
-42.38,14.536
-42.362,14.701
-42.344,14.867
-42.326,15.032
-42.308,15.198
-42.29,15.363
-42.271,15.529
-42.252,15.694
-42.233,15.86
-42.214,16.025
-42.194,16.19
-42.174,16.355
-42.154,16.521
-42.134,16.686
-42.114,16.851
-42.093,17.016
-42.072,17.181
-42.05,17.346
-42.029,17.512
-42.007,17.677
-41.984,17.841
-41.962,18.006
-41.939,18.171
-41.915,18.336
-41.891,18.501
-41.867,18.665
-41.843,18.83
-41.817,18.995
-41.792,19.159
-41.766,19.324
-41.739,19.488
-41.712,19.652
-41.685,19.816
-41.656,19.98
-41.628,20.144
-41.598,20.308
-41.568,20.472
-41.537,20.635
-41.505,20.799
-41.472,20.962
-41.438,21.125
-41.404,21.288
-41.368,21.45
-41.331,21.612
-41.292,21.774
-41.253,21.936
-41.211,22.097
-41.168,22.258
-41.123,22.418
-41.075,22.578
-41.025,22.736
-40.972,22.894
-40.915,23.051
-40.854,23.205
-40.788,23.358
-40.715,23.508
-40.641,23.642
-40.554,23.774
-40.452,23.897
-40.327,24.002
-40.176,24.063
-40.014,24.054
-39.867,23.982
-39.74,23.873
-39.63,23.745
-39.531,23.605
-39.441,23.458
-39.358,23.306
-39.281,23.149
-39.208,22.99
-39.138,22.829
-39.076,22.675
-39.016,22.519
-38.958,22.363
-38.902,22.206
-38.848,22.049
-38.795,21.89
-38.744,21.732
-38.694,21.573
-38.645,21.414
-38.597,21.254
-38.551,21.094
-38.505,20.934
-38.46,20.773
-38.416,20.613
-38.372,20.452
-38.329,20.291
-38.287,20.13
-38.246,19.968
-38.205,19.807
-38.164,19.645
-38.124,19.484
-38.085,19.322
-38.046,19.16
-38.007,18.998
-37.969,18.836
-37.931,18.673
-37.893,18.511
-37.856,18.349
-37.819,18.186
-37.783,18.023
-37.747,17.861
-37.711,17.698
-37.675,17.535
-37.64,17.373
-37.605,17.21
-37.57,17.047
-37.535,16.884
-37.501,16.721
-37.467,16.558
-37.433,16.395
-37.399,16.232
-37.365,16.068
-37.332,15.905
-37.299,15.742
-37.265,15.579
-37.233,15.415
-37.2,15.252
-37.167,15.089
-37.135,14.925
-37.102,14.762
-37.07,14.598
-37.038,14.435
-37.006,14.271
-36.974,14.108
-36.943,13.944
-36.911,13.781
-36.879,13.617
-36.848,13.453
-36.817,13.29
-36.786,13.126
-36.754,12.962
-36.723,12.799
-36.693,12.635
-36.662,12.471
-36.631,12.308
-36.6,12.144
-36.57,11.98
-36.539,11.816
-36.509,11.652
-36.478,11.489
-36.448,11.325
-36.418,11.161
-36.387,10.997
-36.357,10.833
-36.327,10.669
-36.297,10.506
-36.267,10.342
-36.237,10.178
-36.207,10.014
-36.177,9.8501
-36.147,9.6862
-36.117,9.5223
-36.087,9.3584
-36.058,9.1944
-36.028,9.0305
-35.998,8.8666
-35.968,8.7027
-35.939,8.5387
-35.909,8.3748
-35.879,8.2108
-35.85,8.0469
-35.82,7.8829
-35.791,7.719
-35.761,7.555
-35.731,7.3911
-35.702,7.2271
-35.672,7.0631
-35.643,6.8992
-35.613,6.7352
-35.584,6.5713
-35.554,6.4073
-35.525,6.2433
-35.495,6.0794
-35.465,5.9154
-35.436,5.7515
-35.406,5.5875
-35.377,5.4235
-35.347,5.2596
-35.318,5.0956
-35.288,4.9317
-35.258,4.7677
-35.229,4.6038
-35.199,4.4399
-35.169,4.2759
-35.14,4.112
-35.11,3.9481
-35.08,3.7841
-35.05,3.6202
-35.02,3.4563
-34.991,3.2924
-34.961,3.1285
-34.931,2.9646
-34.901,2.8007
-34.871,2.6368
-34.841,2.473
-34.811,2.3091
-34.781,2.1452
-34.751,1.9814
-34.72,1.8175
-34.69,1.6537
-34.66,1.4899
-34.63,1.326
-34.599,1.1622
-34.569,0.99844
-34.538,0.83465
-34.508,0.67087
-34.477,0.5071
-34.446,0.34334
-34.416,0.1796
-34.385,0.01586
-34.354,-0.14786
-34.323,-0.31157
-34.292,-0.47527
-34.261,-0.63896
-34.23,-0.80263
-34.199,-0.96628
-34.168,-1.1299
-34.136,-1.2936
-34.105,-1.4572
-34.073,-1.6208
-34.042,-1.7843
-34.01,-1.9479
-33.978,-2.1115
-33.947,-2.275
-33.915,-2.4385
-33.883,-2.602
-33.85,-2.7655
-33.818,-2.9289
-33.786,-3.0924
-33.753,-3.2558
-33.721,-3.4192
-33.688,-3.5826
-33.656,-3.7459
-33.623,-3.9093
-33.59,-4.0726
-33.557,-4.2359
-33.524,-4.3991
-33.49,-4.5623
-33.457,-4.7256
-33.423,-4.8887
-33.389,-5.0519
-33.356,-5.215
-33.322,-5.3781
-33.288,-5.5412
-33.253,-5.7043
-33.219,-5.8673
-33.184,-6.0303
-33.15,-6.1932
-33.115,-6.3561
-33.08,-6.519
-33.045,-6.6819
-33.009,-6.8447
-32.974,-7.0074
-32.938,-7.1702
-32.902,-7.3329
-32.866,-7.4955
-32.83,-7.6582
-32.794,-7.8207
-32.757,-7.9833
-32.72,-8.1457
-32.683,-8.3082
-32.646,-8.4706
-32.609,-8.6329
-32.571,-8.7952
-32.533,-8.9575
-32.495,-9.1197
-32.457,-9.2818
-32.418,-9.4439
-32.379,-9.6059
-32.34,-9.7678
-32.301,-9.9297
-32.261,-10.092
-32.221,-10.253
-32.181,-10.415
-32.141,-10.577
-32.1,-10.738
-32.059,-10.9
-32.018,-11.061
-31.976,-11.222
-31.934,-11.384
-31.892,-11.545
-31.849,-11.706
-31.806,-11.867
-31.763,-12.028
-31.719,-12.188
-31.675,-12.349
-31.63,-12.509
-31.585,-12.67
-31.54,-12.83
-31.494,-12.99
-31.448,-13.15
-31.401,-13.31
-31.354,-13.47
-31.306,-13.63
-31.258,-13.789
-31.209,-13.948
-31.159,-14.107
-31.109,-14.266
-31.059,-14.425
-31.008,-14.584
-30.956,-14.742
-30.903,-14.9
-30.85,-15.058
-30.796,-15.216
-30.741,-15.373
-30.686,-15.53
-30.629,-15.687
-30.572,-15.843
-30.514,-15.999
-30.455,-16.155
-30.395,-16.31
-30.333,-16.465
-30.271,-16.62
-30.207,-16.774
-30.143,-16.927
-30.077,-17.08
-30.009,-17.233
-29.942,-17.381
-29.873,-17.529
-29.802,-17.676
-29.73,-17.822
-29.656,-17.968
-29.58,-18.112
-29.501,-18.256
-29.421,-18.399
-29.337,-18.54
-29.251,-18.68
-29.162,-18.818
-29.07,-18.954
-28.974,-19.089
-28.874,-19.22
-28.77,-19.348
-28.661,-19.473
-28.547,-19.593
-28.428,-19.708
-28.302,-19.817
-28.17,-19.918
-28.03,-20.009
-27.884,-20.088
-27.731,-20.153
-27.573,-20.203
-27.409,-20.234
-27.243,-20.245
-27.077,-20.237
-26.913,-20.21
-26.753,-20.165
-26.598,-20.105
-26.448,-20.032
-26.304,-19.948
-26.166,-19.855
-26.033,-19.754
-25.905,-19.647
-25.782,-19.534
-25.663,-19.417
-25.548,-19.296
-25.436,-19.171
-25.328,-19.044
-25.222,-18.914
-25.12,-18.782
-25.019,-18.647
-24.922,-18.511
-24.826,-18.374
-24.732,-18.234
-24.641,-18.094
-24.551,-17.953
-24.462,-17.81
-24.375,-17.666
-24.29,-17.522
-24.206,-17.377
-24.123,-17.231
-24.041,-17.084
-23.961,-16.937
-23.881,-16.789
-23.803,-16.64
-23.725,-16.491
-23.648,-16.342
-23.573,-16.192
-23.498,-16.042
-23.423,-15.892
-23.35,-15.741
-23.277,-15.589
-23.205,-15.438
-23.133,-15.286
-23.062,-15.134
-22.992,-14.982
-22.922,-14.829
-22.852,-14.676
-22.783,-14.523
-22.715,-14.37
-22.647,-14.217
-22.58,-14.063
-22.512,-13.91
-22.446,-13.756
-22.38,-13.603
-22.314,-13.45
-22.249,-13.297
-22.184,-13.143
-22.119,-12.99
-22.055,-12.836
-21.991,-12.682
-21.927,-12.528
-21.863,-12.374
-21.8,-12.22
-21.737,-12.066
-21.674,-11.912
-21.611,-11.757
-21.549,-11.603
-21.486,-11.448
-21.424,-11.294
-21.362,-11.139
-21.3,-10.985
-21.239,-10.83
-21.177,-10.675
-21.115,-10.52
-21.054,-10.365
-20.993,-10.21
-20.932,-10.055
-20.871,-9.9004
-20.81,-9.7454
-20.749,-9.5903
-20.688,-9.4352
-20.627,-9.2801
-20.566,-9.125
-20.506,-8.9698
-20.445,-8.8147
-20.384,-8.6595
-20.324,-8.5043
-20.263,-8.3491
-20.202,-8.1939
-20.142,-8.0387
-20.081,-7.8835
-20.021,-7.7284
-19.96,-7.5732
-19.899,-7.418
-19.839,-7.2629
-19.778,-7.1077
-19.717,-6.9526
-19.656,-6.7975
-19.595,-6.6424
-19.535,-6.4874
-19.473,-6.3323
-19.412,-6.1773
-19.351,-6.0224
-19.29,-5.8675
-19.228,-5.7126
-19.167,-5.5578
-19.105,-5.403
-19.044,-5.2482
-18.982,-5.0935
-18.92,-4.9389
-18.858,-4.7843
-18.795,-4.6298
-18.733,-4.4754
-18.67,-4.321
-18.607,-4.1667
-18.544,-4.0124
-18.481,-3.8583
-18.418,-3.7042
-18.354,-3.5502
-18.29,-3.3963
-18.226,-3.2425
-18.162,-3.0887
-18.098,-2.9351
-18.033,-2.7816
-17.968,-2.6282
-17.903,-2.4749
-17.837,-2.3218
-17.771,-2.1687
-17.705,-2.0158
-17.639,-1.8631
-17.572,-1.7104
-17.505,-1.5588
-17.438,-1.4073
-17.371,-1.256
-17.303,-1.1049
-17.235,-0.95392
-17.166,-0.80315
-17.097,-0.65257
-17.028,-0.50218
-16.958,-0.352
-16.888,-0.20203
-16.817,-0.05228
-16.746,0.097243
-16.674,0.24653
-16.602,0.39557
-16.53,0.54435
-16.456,0.69287
-16.383,0.84111
-16.308,0.98906
-16.233,1.1367
-16.158,1.284
-16.082,1.431
-16.005,1.5777
-15.927,1.724
-15.849,1.8699
-15.77,2.0155
-15.69,2.1606
-15.609,2.3053
-15.528,2.4495
-15.445,2.5933
-15.362,2.7365
-15.278,2.8793
-15.193,3.0214
-15.106,3.163
-15.019,3.3039
-14.931,3.4442
-14.841,3.5838
-14.751,3.7227
-14.659,3.8607
-14.566,3.9979
-14.471,4.1342
-14.375,4.2696
-14.278,4.404
-14.179,4.5372
-14.078,4.6693
-13.976,4.8001
-13.872,4.9296
-13.766,5.0577
-13.658,5.1841
-13.548,5.3089
-13.437,5.4319
-13.323,5.5529
-13.206,5.6718
-13.088,5.7883
-12.967,5.9024
-12.843,6.0136
-12.717,6.122
-12.587,6.227
-12.456,6.3285
-12.321,6.4262
-12.183,6.5197
-12.042,6.6086
-11.898,6.6926
-11.752,6.7712
-11.602,6.844
-11.449,6.9107
-11.294,6.9707
-11.136,7.0238
-10.976,7.0694
-10.814,7.1074
-10.65,7.1373
-10.485,7.1592
-10.319,7.1728
-10.152,7.1781
-9.9857,7.1753
-9.8195,7.1646
-9.654,7.146
-9.4894,7.1201
-9.3262,7.087
-9.1644,7.0473
-9.0043,7.0013
-8.846,6.9495
-8.6896,6.8921
-8.5351,6.8298
-8.3826,6.7627
-8.2321,6.6914
-8.0835,6.616
-7.9368,6.537
-7.7919,6.4547
-7.6489,6.3692
-7.5076,6.2809
-7.3679,6.1901
-7.2298,6.0968
-7.0932,6.0013
-6.9581,5.9037
-6.8243,5.8044
-6.6918,5.7033
-6.5605,5.6006
-6.4304,5.4965
-6.3013,5.3911
-6.1732,5.2844
-6.0461,5.1767
-5.9198,5.0679
-5.7943,4.9582
-5.6696,4.8476
-5.5455,4.7363
-5.4221,4.6243
-5.2993,4.5117
-5.177,4.3985
-5.0551,4.2848
-4.9336,4.1707
-4.8125,4.0563
-4.6917,3.9415
-4.5712,3.8264
-4.4509,3.7112
-4.3307,3.5957
-4.2106,3.4802
-4.0906,3.3646
-3.9706,3.249
-3.8506,3.1334
-3.7305,3.018
-3.6103,2.9026
-3.4899,2.7875
-3.3693,2.6726
-3.2484,2.558
-3.1272,2.4437
-3.0057,2.3298
-2.8837,2.2164
-2.7612,2.1035
-2.6383,1.9911
-2.5147,1.8794
-2.3906,1.7684
-2.2657,1.6581
-2.1402,1.5487
-2.0138,1.4401
-1.8866,1.3326
-1.7586,1.2261
-1.6295,1.1208
-1.4994,1.0168
-1.3683,0.91413
-1.236,0.81293
-1.1025,0.71333
-0.96775,0.61544
-0.83166,0.51941
-0.69418,0.42537
-0.55524,0.3335
-0.41479,0.24395
-0.27277,0.15691
-0.12913,0.072563
0.016182,-0.0088721
0.16321,-0.087179
0.31198,-0.16212
0.46251,-0.23345
0.61482,-0.30091
0.76891,-0.36422
0.92473,-0.42309
1.0823,-0.47724
1.2414,-0.52638
1.4021,-0.57021
1.5643,-0.60844
1.7277,-0.64081
1.8922,-0.66705
2.0575,-0.68696
2.2236,-0.70034
2.39,-0.70704
2.5566,-0.70697
2.723,-0.70009
2.889,-0.68641
3.0543,-0.66599
3.2187,-0.63894
3.3818,-0.60543
3.5436,-0.56566
3.7037,-0.51987
3.8621,-0.46831
4.0186,-0.41127
4.1732,-0.34903
4.3256,-0.28189
4.476,-0.21015
4.6242,-0.13408
4.7703,-0.05397
4.9143,0.029913
5.0561,0.11732
5.1959,0.208
5.3337,0.30173
5.4695,0.39831
5.6035,0.49752
5.7355,0.59919
5.8658,0.70315
5.9944,0.80924
6.1213,0.9173
6.2467,1.0272
6.3705,1.1388
6.4929,1.252
6.614,1.3667
6.7337,1.4828
6.8521,1.6002
6.9693,1.7188
7.0854,1.8385
7.2004,1.9593
7.3144,2.081
7.4274,2.2036
7.5395,2.3271
7.6507,2.4514
7.7611,2.5764
7.8707,2.7021
7.9796,2.8284
8.0878,2.9553
8.1954,3.0827
8.3023,3.2106
8.4087,3.339
8.5146,3.4678
8.62,3.597
8.725,3.7265
8.8296,3.8563
8.9339,3.9864
9.0378,4.1168
9.1414,4.2473
9.2448,4.378
9.348,4.5089
9.4511,4.6399
9.554,4.771
9.6568,4.9021
9.7596,5.0332
9.8623,5.1644
9.9651,5.2955
10.068,5.4266
10.171,5.5575
10.274,5.6883
10.377,5.819
10.481,5.9494
10.585,6.0797
10.689,6.2096
10.793,6.3393
10.898,6.4686
11.003,6.5975
11.109,6.7259
11.216,6.8539
11.323,6.9813
11.431,7.1082
11.539,7.2344
11.648,7.3599
11.759,7.4845
11.87,7.6084
11.982,7.7312
12.096,7.853
12.21,7.9737
12.326,8.0931
12.443,8.2111
12.562,8.3276
12.683,8.4424
12.805,8.5553
12.929,8.6662
13.056,8.7747
13.184,8.8807
13.315,8.9838
13.448,9.0837
13.584,9.18
13.722,9.2722
13.864,9.3599
14.009,9.4424
14.156,9.519
14.308,9.5891
14.462,9.6517
14.619,9.706
14.78,9.751
14.942,9.7857
15.107,9.8093
15.273,9.8208
15.44,9.8199
15.606,9.806
15.77,9.7793
15.932,9.7401
16.09,9.689
16.245,9.6268
16.395,9.5545
16.54,9.4731
16.681,9.3836
16.816,9.2869
16.947,9.1839
17.074,9.0752
17.196,8.9616
17.315,8.8437
17.429,8.7219
17.54,8.5967
17.647,8.4684
17.752,8.3374
17.853,8.204
17.952,8.0684
18.048,7.9307
18.141,7.7913
18.233,7.6502
18.322,7.5077
18.409,7.3637
18.494,7.2185
18.577,7.0722
18.659,6.9248
18.739,6.7764
18.818,6.6271
18.895,6.4769
18.97,6.3259
19.044,6.1743
19.118,6.0219
19.189,5.8689
19.26,5.7152
19.33,5.5611
19.398,5.4064
19.466,5.2511
19.533,5.0955
19.597,4.9419
19.661,4.788
19.724,4.6337
19.786,4.4792
19.847,4.3243
19.908,4.1691
19.968,4.0136
20.027,3.8579
20.086,3.702
20.144,3.5458
20.201,3.3893
20.258,3.2327
20.314,3.0758
20.37,2.9188
20.425,2.7616
20.479,2.6042
20.533,2.4466
20.587,2.2888
20.64,2.1309
20.693,1.9729
20.745,1.8147
20.797,1.6563
20.848,1.4978
20.899,1.3392
20.95,1.1805
21,1.0217
21.05,0.86271
21.099,0.70364
21.149,0.54447
21.198,0.38519
21.246,0.22582
21.294,0.066353
21.342,-0.093205
21.39,-0.25285
21.437,-0.41258
21.484,-0.57239
21.531,-0.73228
21.578,-0.89225
21.624,-1.0523
21.67,-1.2124
21.716,-1.3726
21.761,-1.5328
21.807,-1.6931
21.852,-1.8535
21.897,-2.0139
21.942,-2.1744
21.986,-2.335
22.03,-2.4956
22.075,-2.6562
22.119,-2.8169
22.162,-2.9776
22.206,-3.1384
22.25,-3.2993
22.293,-3.4601
22.336,-3.6211
22.379,-3.782
22.422,-3.943
22.465,-4.104
22.507,-4.2651
22.55,-4.4262
22.592,-4.5874
22.634,-4.7485
22.676,-4.9097
22.718,-5.0709
22.76,-5.2322
22.802,-5.3935
22.844,-5.5548
22.885,-5.7161
22.927,-5.8775
22.968,-6.0388
23.009,-6.2002
23.051,-6.3617
23.092,-6.5231
23.133,-6.6845
23.174,-6.846
23.215,-7.0075
23.256,-7.169
23.297,-7.3305
23.338,-7.492
23.378,-7.6535
23.419,-7.8151
23.46,-7.9766
23.501,-8.1382
23.541,-8.2997
23.582,-8.4613
23.623,-8.6229
23.663,-8.7845
23.704,-8.946
23.744,-9.1076
23.785,-9.2692
23.826,-9.4308
23.866,-9.5924
23.907,-9.7539
23.948,-9.9155
23.988,-10.077
24.029,-10.239
24.07,-10.4
24.11,-10.562
24.151,-10.723
24.192,-10.885
24.233,-11.046
24.274,-11.208
24.315,-11.369
24.356,-11.531
24.397,-11.692
24.439,-11.853
24.48,-12.015
24.522,-12.176
24.563,-12.338
24.605,-12.499
24.647,-12.66
24.689,-12.821
24.731,-12.983
24.773,-13.144
24.815,-13.305
24.858,-13.466
24.9,-13.627
24.943,-13.788
24.986,-13.949
25.03,-14.11
25.073,-14.271
25.117,-14.431
25.161,-14.592
25.205,-14.753
25.249,-14.913
25.294,-15.074
25.339,-15.234
25.384,-15.395
25.429,-15.555
25.475,-15.715
25.522,-15.875
25.568,-16.035
25.615,-16.195
25.663,-16.355
25.711,-16.514
25.759,-16.674
25.808,-16.833
25.857,-16.992
25.907,-17.151
25.958,-17.31
26.009,-17.468
26.061,-17.627
26.114,-17.785
26.167,-17.942
26.221,-18.1
26.277,-18.257
26.333,-18.414
26.39,-18.57
26.449,-18.726
26.508,-18.882
26.57,-19.037
26.633,-19.191
26.697,-19.345
26.764,-19.497
26.832,-19.649
26.901,-19.795
26.972,-19.939
27.047,-20.082
27.125,-20.223
27.208,-20.362
27.296,-20.498
27.391,-20.631
27.495,-20.758
27.609,-20.876
27.737,-20.98
27.883,-21.059
28.043,-21.096
28.205,-21.076
28.354,-21.005
28.483,-20.901
28.596,-20.775
28.695,-20.636
28.785,-20.488
28.867,-20.333
28.943,-20.172
29.014,-20.008
29.075,-19.853
29.133,-19.697
29.188,-19.539
29.24,-19.381
29.289,-19.222
29.337,-19.062
29.382,-18.902
29.426,-18.741
29.468,-18.58
29.509,-18.418
29.548,-18.256
29.587,-18.094
29.624,-17.932
29.66,-17.769
29.695,-17.606
29.73,-17.443
29.763,-17.28
29.796,-17.116
29.828,-16.953
29.859,-16.789
29.889,-16.625
29.919,-16.461
29.949,-16.297
29.977,-16.133
30.006,-15.969
30.033,-15.804
30.061,-15.64
30.087,-15.475
30.114,-15.311
30.14,-15.146
30.165,-14.982
30.19,-14.817
30.215,-14.652
30.239,-14.487
30.263,-14.322
30.287,-14.157
30.31,-13.992
30.333,-13.827
30.355,-13.662
30.378,-13.497
30.4,-13.332
30.422,-13.166
30.443,-13.001
30.465,-12.836
30.486,-12.67
30.506,-12.505
30.527,-12.34
30.547,-12.174
30.567,-12.009
30.587,-11.843
30.607,-11.678
30.626,-11.512
30.645,-11.347
30.664,-11.181
30.683,-11.015
30.702,-10.85
30.72,-10.684
30.739,-10.519
30.757,-10.353
30.775,-10.187
30.793,-10.021
30.81,-9.8557
30.828,-9.6899
30.845,-9.5241
30.862,-9.3583
30.879,-9.1925
30.896,-9.0267
30.913,-8.8609
30.929,-8.6951
30.946,-8.5292
30.962,-8.3633
30.978,-8.1974
30.994,-8.0315
31.01,-7.8656
31.026,-7.6997
31.042,-7.5338
31.057,-7.3678
31.073,-7.2019
31.088,-7.0359
31.103,-6.8699
31.118,-6.704
31.133,-6.538
31.148,-6.372
31.163,-6.2059
31.178,-6.0399
31.192,-5.8739
31.207,-5.7078
31.221,-5.5418
31.235,-5.3757
31.25,-5.2097
31.264,-5.0436
31.278,-4.8775
31.292,-4.7114
31.306,-4.5453
31.319,-4.3792
31.333,-4.2131
31.347,-4.047
31.36,-3.8809
31.373,-3.7147
31.387,-3.5486
31.4,-3.3824
31.413,-3.2163
31.426,-3.0501
31.439,-2.884
31.452,-2.7178
31.465,-2.5516
31.478,-2.3854
31.491,-2.2193
31.503,-2.0531
31.516,-1.8869
31.528,-1.7207
31.541,-1.5545
31.553,-1.3882
31.566,-1.222
31.578,-1.0558
31.59,-0.88958
31.602,-0.72335
31.614,-0.55711
31.626,-0.39087
31.638,-0.22463
31.65,-0.058379
31.662,0.10787
31.674,0.27413
31.685,0.4404
31.697,0.60666
31.708,0.77293
31.72,0.93921
31.731,1.1055
31.743,1.2718
31.754,1.4381
31.766,1.6043
31.777,1.7706
31.788,1.9369
31.799,2.1032
31.81,2.2695
31.821,2.4358
31.832,2.6022
31.843,2.7685
31.854,2.9348
31.865,3.1011
31.876,3.2674
31.887,3.4337
31.897,3.6001
31.908,3.7664
31.919,3.9327
31.929,4.0991
31.94,4.2654
31.95,4.4318
31.961,4.5981
31.971,4.7645
31.981,4.9308
31.992,5.0972
32.002,5.2635
32.012,5.4299
32.022,5.5963
32.032,5.7626
32.042,5.929
32.052,6.0954
32.062,6.2617
32.072,6.4281
32.082,6.5945
32.092,6.7609
32.102,6.9272
32.112,7.0936
32.122,7.26
32.131,7.4264
32.141,7.5928
32.151,7.7592
32.16,7.9256
32.17,8.092
32.18,8.2584
32.189,8.4248
32.199,8.5912
32.208,8.7576
32.218,8.924
32.227,9.0904
32.236,9.2568
32.246,9.4232
32.255,9.5896
32.264,9.7561
32.273,9.9225
32.283,10.089
32.292,10.255
32.301,10.422
32.31,10.588
32.319,10.755
32.328,10.921
32.337,11.087
32.346,11.254
32.355,11.42
32.364,11.587
32.373,11.753
32.382,11.92
32.39,12.086
32.399,12.253
32.408,12.419
32.417,12.585
32.425,12.752
32.434,12.918
32.443,13.085
32.451,13.251
32.46,13.418
32.468,13.584
32.477,13.751
32.485,13.917
32.494,14.083
32.502,14.25
32.511,14.416
32.519,14.583
32.528,14.749
32.536,14.916
32.544,15.082
32.553,15.249
32.561,15.415
32.569,15.582
32.577,15.748
32.586,15.915
32.594,16.081
32.602,16.248
32.61,16.414
32.618,16.58
32.626,16.747
32.634,16.913
32.642,17.08
32.65,17.246
32.658,17.413
32.666,17.579
32.674,17.746
32.682,17.912
32.69,18.079
32.698,18.245
32.706,18.412
32.714,18.578
32.721,18.745
32.729,18.911
32.737,19.078
32.745,19.244
32.752,19.411
32.76,19.577
32.768,19.744
32.775,19.91
32.783,20.077
32.791,20.243
32.798,20.41
32.806,20.576
32.813,20.743
32.821,20.909
32.828,21.076
32.836,21.242
32.843,21.409
32.851,21.575
32.858,21.742
32.866,21.908
32.873,22.075
32.88,22.241
32.888,22.408
32.895,22.574
32.902,22.741
32.91,22.907
32.917,23.074
32.924,23.24
32.932,23.407
32.939,23.573
32.946,23.74
32.953,23.906
32.96,24.073
32.968,24.24
32.975,24.406
32.982,24.573
32.989,24.739
32.996,24.906
33.003,25.072
33.01,25.239
33.017,25.405
33.024,25.572
33.031,25.738
33.038,25.905
